words,importance,crypto,sentiment,tech,law,regulation
company,,,,,,
trade,1,,,,,
security,1,,,,,
tech,1,,,,,
busines,,,,,,
libra,1,1,,,,
financial,,,,,,
chinese,,,,,,
market,,,,,,
news,,,,,,
including,,,,,,
technology,1,,,,,
china,,,,,,
government,1,,,,,
digital,1,,,1,,
privacy,,,,,,
service,,,,,,
money,,,,,,
phone,,,,,,
global,,,,,,
user,,,,,,
street,,,,,,
world,,,,,,
network,1,,,1,,
cryptocurrency,1,1,,,,
year,,,,,,
say,,,,,,
trump,-1,,,,,
information,,,,,,
time,,,,,,
antitrust,1,,,1,,
blockchain,1,1,,,,
international,,,,,,
firm,1,,,,,
mark,,,,,,
android,1,,,1,,
include,,,,,,
software,1,,,1,,
consumer,1,,,,,
policy,1,,,,,
report,,,,,,
called,,,,,,
industry,1,,,,,
smartphone,1,,,1,,
statement,,,,,,
potential,,,,,,
internet,,,,,,
social,,,,,,
control,,,,,,
app,1,,,1,,
review,,,,,,
giant,,,,,,
donald,-1,,,,,
american,,,,,,
june,,,,,,
regulatory,1,,,,,1
illustration,,,,,,
calibra,1,1,,,,
court,1,,,,1,
zuckerberg,1,,,,,
likely,,,,,,
according,,,,,,
account,1,,,,,
price,,,,,,
based,,,,,,
minister,,,,,,
currency,1,1,,,,
payment,1,,,,,
developer,,,,,,
product,,,,,,
department,,,,,,
fake,1,,,,,
federal,,,,,,
list,,,,,,
washington,,,,,,
online,,,,,,
political,,,,,,
launch,,,,,,
national,,,,,,
offering,,,,,,
president,,,,,,
device,,,,,,
legal,1,,,,1,
saying,,,,,,
license,,,,,,
judge,1,,,,1,
competition,1,,,,,
journal,,,,,,
representative,,,,,,
project,,,,,,
sharing,,,,,,
mobile,1,,,1,,
revenue,,,,,,
equipment,,,,,,
banking,1,1,,,,
bitcoin,1,1,,,,
number,,,,,,
store,,,,,,
state,,,,,,
team,,,,,,
ruling,,,,,,
filing,,,,,,
percent,,,,,,
jose,,,,,,
target,,,,,,
secure,,,,,,
commission,1,,,,,
maker,,,,,,
european,,,,,,
today,,,,,,
david,,,,,,
valley,,,,,,
executive,1,,,,,
deal,,,,,,
bank,1,1,,,,
transaction,,,,,,
central,,,,,,
chip,,,,,,
telecom,1,,,1,,
house,,,,,,
search,,,,,,
come,,,,,,
supply,,,,,,
analyst,,,,,,
development,1,,,1,,
research,,,,,,
developing,1,,,1,,
major,,,,,,
twitter,,,,,,
customer,1,,,,,
sign,,,,,,
inch,,,,,,
board,,,,,,
term,,,,,,
play,-1,,,,,
large,,,,,,
conference,,,,,,
climate,,,,,,
delivery,,,,,,
good,,,,,,
corp,,,,,,
employee,,,,,,
committee,1,,,,1,
crypto,1,1,,,,
member,,,,,,
association,,,,,,
entity,,,,,,
regulation,1,,,,,1
britain,,,,,,
licensing,1,,,1,,
impossible,,,,,,
password,,,,,,
screen,,,,,,
similar,,,,,,
free,1,,,,,
power,,,,,,
gaming,,,,,,
production,,,,,,
require,,,,,,
multiple,,,,,,
acces,,,,,,
spokesperson,1,,,,,
computing,1,,,1,,
democratic,,,,,,
email,,,,,,
provide,,,,,,
signing,,,,,,
exchange,,,,,,
startup,,,,,,
release,,,,,,
administration,,,,,,
issue,,,,,,
election,,,,,,
lawsuit,1,,,,1,
action,,,,,,
france,,,,,,
trading,,,,,,
california,,,,,,
additional,,,,,,
presidential,1,,,,,
paper,,,,,,
group,,,,,,
post,,,,,,
enforcement,1,,,,1,1
russian,,,,,,
laptop,,,,,,
create,,,,,,
officer,,,,,,
social media,1,,,,,
capital,,,,,,
founder,,,,,,
share,,,,,,
ecosystem,,,,,,
marcu,,,,,,
current,,,,,,
spokesman,,,,,,
small,,,,,,
imagine,,,,,,
lawyer,1,,,,1,
future,1,,,,,
british,,,,,,
meng,,,,,,
property,,,,,,
private,1,,,,,
getting,,,,,,
party,,,,,,
record,,,,,,
chief,1,,,,,
tariff,,,,,,
make,,,,,,
sensitive,1,,1,,,
cook,,,,,,
macbook,-1,,,,,
single,,,,,,
important,1,,1,,,
elizabeth,,,,,,
making,,,,,,
feature,,,,,,
stock,1,,,,,
available,,,,,,
get,,,,,,
website,,,,,,
place,,,,,,
easy,,,,,,
cloud,1,,,1,,
step,,,,,,
page,,,,,,
support,,,,,,
design,,,,,,
stable,,,,,,
daily newsletter,,,,,,
alphabet,1,,,,,
site,,,,,,
different,,,,,,
video,,,,,,
union,,,,,,
source,,,,,,
uber,,,,,,
work,,,,,,
body,,,,,,
high,,,,,,
economic,,,,,,
update,,,,,,
growth,,,,,,
value,,,,,,
slideshow,,,,,,
public,,,,,,
start,,,,,,
thing,,,,,,
month,,,,,,
model,,,,,,
governor,,,,,,
space,,,,,,
protection,1,,,1,,
decentralized,1,1,,,,
mean,,,,,,
paypal,,,,,,
finance,,,,,,
foreign,,,,,,
investment,,,,,,
transfer,,,,,,
french,,,,,,
asset,,,,,,
recent,,,,,,
semiconductor,1,,,1,,
impact,,,,,,
extra,,,,,,
extradition,,,,,,
wireles,1,,,1,,
cnbc,,,,,,
commerce,1,,,,,
secretary,1,,,,,
intelligence,1,,,1,,
note,,,,,,
code,,,,,,
certain,,,,,,
life,,,,,,
universal,,,,,,
investigate,,,,,,
general,,,,,,
young,,,,,,
thoma,,,,,,
thursday,,,,,,
office,,,,,,
entire,,,,,,
huge,,,,,,
internal,,,,,,
europe,,,,,,
biggest,,,,,,
white,,,,,,
trusting,,,,,,
running,,,,,,
hardware,1,,,1,,
recall,,,,,,
track,,,,,,
location,,,,,,
senator,1,,,,,
investigation,1,,,,,
adoption,,,,,,
maliciou,1,,1,,,
malware,,,,,,
reported,,,,,,
option,,,,,,
vehicle,1,,,,,
negative,1,,1,,,
possible,1,,1,,,
right,,,,,,
seeking,,,,,,
drive,,,,,,
testing,,,,,,
battery,1,,,1,,
safety,1,,1,,,
lower,,,,,,
infrastructure,1,,,,,
appear,,,,,,
accessible,1,,,1,,
individual,,,,,,
powerful,,,,,,
document,,,,,,
chri,,,,,,
anti,1,,1,,,
suggest,,,,,,
reporting,,,,,,
best,,,,,,
help,,,,,,
oversight,1,,1,,,
expres,,,,,,
message,,,,,,
contract,,,,,,
shipping,,,,,,
prime,,,,,,
justice,,,,,,
great,,,,,,
school,,,,,,
twitch,1,,,,,
city,,,,,,
patent,1,,,1,,
following,,,,,,
campaign,,,,,,
risk,1,,1,,,
meeting,,,,,,
ustr,,,,,,
personal,,,,,,
slack,1,,,,,
version,,,,,,
spokeswoman,,,,,,
real,,,,,,
install,,,,,,
window,,,,,,
community,,,,,,
fund,,,,,,
level,,,,,,
lynch,,,,,,
autonomy,,,,,,
quarter,1,,,,,
bailey,,,,,,
cyber,1,,,,,
senate,,,,,,
cambridge,,,,,,
wallet,1,1,,,,
weil,,,,,,
week,,,,,,
idea,,,,,,
messenger,,,,,,
wired,,,,,,
maxine,,,,,,
josh,,,,,,
difference,,,,,,
mainstream,1,,,,,
governance,,,,,,
canada,,,,,,
official,,,,,,
early,,,,,,
open,,,,,,
mastercard,1,,,,,
borderles,,,,,,
corporate,,,,,,
professor,,,,,,
provider,,,,,,
taking,,,,,,
visa,,,,,,
dutch,,,,,,
plan,,,,,,
existing,,,,,,
opinion,1,,,,,
speech,,,,,,
buying,,,,,,
build,,,,,,
stablecoin,1,1,,,,
task,,,,,,
largest,,,,,,
investor,1,,,,,
london,,,,,,
immediate,1,,,,,
western,,,,,,
display,,,,,,
foldable,1,,,1,,
filed,,,,,,
matebook,1,,,1,,
base,,,,,,
george,,,,,,
client,,,,,,
rural,,,,,,
export,,,,,,
agreement,1,,1,,,
japan,1,,,,,
shopping,-1,,,,,
sale,-1,,,,,
LGBTQ,-1,,,,,
monopoly,1,,,,,
M&A,1,,,,,
delay,1,,,,,
copyright,1,,,,1,
litigation,1,,,,1,
prohibit,1,,,,,
ACVA,1,,,,,
tariff,1,,,,,
air,-1,,,,,
